category,subcategory,name,depth,reported_count,true_count,was_capped,url
Apple,,Apple,0,1116,1048,NO,https://www.jacob.de/apple/
Apple,Apple Mac,Apple Mac,1,107,98,NO,https://www.jacob.de/apple-mac/
Apple,Apple Mac,Apple MacBook Air,2,34,25,NO,https://www.jacob.de/apple-macbook-air/
Apple,Apple Mac,"13"" MacBook Air (M4)",3,13,13,NO,https://www.jacob.de/apple-13-macbook-air-m4/
Apple,Apple Mac,"15"" MacBook Air (M4)",3,12,12,NO,https://www.jacob.de/apple-15-macbook-air-m4/
Apple,Apple Mac,Apple MacBook Pro,2,14,14,NO,https://www.jacob.de/apple-macbook-pro/
Apple,Apple Mac,"14"" MacBook Pro (M5)",3,6,6,NO,https://www.jacob.de/apple-macbook-14-pro-m5/
Apple,Apple Mac,"14"" MacBook Pro (M4 Pro oder M4 Max)",3,6,6,NO,https://www.jacob.de/apple-macbook-14-pro-m4-pro-m4-max/
Apple,Apple Mac,"16"" MacBook Pro (M4 Pro oder M4 Max)",3,2,2,NO,https://www.jacob.de/apple-macbook-16-pro-m4-pro-m4-max/
Apple,Apple Mac,Apple iMac,2,16,16,NO,https://www.jacob.de/apple-imac/
Apple,Apple Mac,Apple Mac mini,2,4,4,NO,https://www.jacob.de/apple-mac-mini/
Apple,Apple Mac,Apple Mac Studio,2,3,3,NO,https://www.jacob.de/apple-mac-studio/
Apple,Apple Mac,Apple Mac Zubehör,2,36,36,NO,https://www.jacob.de/apple-mac-zubehoer/
Apple,Apple iPad,Apple iPad,1,171,170,NO,https://www.jacob.de/apple-ipad-familie/
Apple,Apple iPad,iPad (A16),2,19,19,NO,https://www.jacob.de/apple-ipad-a16/
Apple,Apple iPad,iPad (10. Generation),2,4,4,NO,https://www.jacob.de/apple-ipad-10-generation/
Apple,Apple iPad,13'' iPad Pro (M5),2,11,11,NO,https://www.jacob.de/apple-13-ipad-pro-m5/
Apple,Apple iPad,11'' iPad Pro (M5),2,13,13,NO,https://www.jacob.de/apple-11-ipad-pro-m5/
Apple,Apple iPad,13'' iPad Pro (M4),2,1,1,NO,https://www.jacob.de/apple-13-ipad-pro-m4/
Apple,Apple iPad,11'' iPad Pro (M4),2,7,7,NO,https://www.jacob.de/apple-11-ipad-pro-m4/
Apple,Apple iPad,13'' iPad Air (M3),2,14,14,NO,https://www.jacob.de/apple-13-ipad-air-m3/
Apple,Apple iPad,11'' iPad Air (M3),2,23,23,NO,https://www.jacob.de/apple-11-ipad-air-m3/
Apple,Apple iPad,iPad mini (A17 Pro),2,17,17,NO,https://www.jacob.de/apple-ipad-mini-a17-pro/
Apple,Apple iPad,Apple iPad Zubehör,2,61,61,NO,https://www.jacob.de/apple-ipad-zubehoer/
Apple,Apple iPhone,Apple iPhone,1,301,276,NO,https://www.jacob.de/apple-iphone/
Apple,Apple iPhone,Apple iPhone,2,,,NO,https://www.jacob.de/apple-iphone-17/
Apple,Apple iPhone,Apple iPhone 17 Pro,2,6,6,NO,https://www.jacob.de/apple-iphone-17-pro/
Apple,Apple iPhone,Apple iPhone 17 Pro Max,2,9,9,NO,https://www.jacob.de/apple-iphone-17-pro-max/
Apple,Apple iPhone,Apple iPhone Air,2,13,13,NO,https://www.jacob.de/apple-iphone-air/
Apple,Apple iPhone,Apple iPhone,2,,,NO,https://www.jacob.de/apple-iphone-16/
Apple,Apple iPhone,Apple iPhone 16 Plus,2,8,8,NO,https://www.jacob.de/apple-iphone-16-plus/
Apple,Apple iPhone,Apple iPhone 16 Pro,2,1,1,NO,https://www.jacob.de/apple-iphone-16-pro/
Apple,Apple iPhone,Apple iPhone 16 Pro Max,2,9,9,NO,https://www.jacob.de/apple-iphone-16-pro-max/
Apple,Apple iPhone,Apple iPhone 16e,2,6,6,NO,https://www.jacob.de/apple-iphone-16e/
Apple,Apple iPhone,Apple iPhone,2,,,NO,https://www.jacob.de/apple-iphone-15/
Apple,Apple iPhone,Apple iPhone Zubehör,2,224,224,NO,https://www.jacob.de/apple-iphone-zubehoer/
Apple,Apple Displays,Apple Displays,1,5,5,NO,https://www.jacob.de/apple-displays/
Apple,Apple Displays,Apple Studio Display,2,3,3,NO,https://www.jacob.de/apple-studio-display/
Apple,Apple Displays,Apple Display Zubehör,2,2,2,NO,https://www.jacob.de/apple-display-zubehoer/
Apple,Apple Watch,Apple Watch,1,241,78,NO,https://www.jacob.de/apple-watch/
Apple,Apple Watch,Apple Watch Ultra,2,,,NO,https://www.jacob.de/apple-watch-ultra-3/
Apple,Apple Watch,Apple Watch Ultra,2,,,NO,https://www.jacob.de/apple-watch-ultra-2/
Apple,Apple Watch,Apple Watch Series,2,,,NO,https://www.jacob.de/apple-watch-series-11/
Apple,Apple Watch,Apple Watch Series,2,,,NO,https://www.jacob.de/apple-watch-series-10/
Apple,Apple Watch,Apple Watch Series,2,,,NO,https://www.jacob.de/apple-watch-series-9/
Apple,Apple Watch,Apple Watch SE,2,,,NO,https://www.jacob.de/apple-watch-se-3/
Apple,Apple Watch,Apple Watch SE,2,,,NO,https://www.jacob.de/apple-watch-se-2/
Apple,Apple Watch,Apple Watch Bands,2,54,54,NO,https://www.jacob.de/apple-watch-bands/
Apple,Apple Watch,Apple Watch Zubehör,2,24,24,NO,https://www.jacob.de/apple-watch-zubehoer/
Apple,Apple AirPods,Apple AirPods,1,34,34,NO,https://www.jacob.de/apple-airpods/
Apple,Apple TV,Apple TV,1,3,3,NO,https://www.jacob.de/apple-tv/
Apple,Apple HomePod,Apple HomePod,1,3,3,NO,https://www.jacob.de/apple-homepod/
Apple,Apple AirTag,Apple AirTag,1,8,8,NO,https://www.jacob.de/apple-airtag/
Apple,Apple Zubehör,Apple Zubehör,1,69,72,NO,https://www.jacob.de/apple-zubehoer/
Apple,Apple Zubehör,Apple Kabel,2,27,27,NO,https://www.jacob.de/apple-kabel/
Apple,Apple Zubehör,Apple Adapter,2,9,9,NO,https://www.jacob.de/apple-adapter/
Apple,Apple Zubehör,Apple Netzteile,2,10,10,NO,https://www.jacob.de/apple-netzteile/
Apple,Apple Zubehör,Apple Maus & Tastatur,2,18,20,NO,https://www.jacob.de/apple-maus-tastatur/
Apple,Apple Zubehör,Apple Magic Keyboard,3,15,15,NO,https://www.jacob.de/apple-magic-keyboard-tastatur/
Apple,Apple Zubehör,Apple Magic Mouse,3,5,5,NO,https://www.jacob.de/apple-magic-mouse-computermaus/
Apple,Apple Zubehör,Sonstiges Apple Zubehör,2,6,6,NO,https://www.jacob.de/apple-mehr-zubehoer/
Apple,Apple Service,Apple Service,1,263,263,NO,https://www.jacob.de/apple-service/
Apple,Apple Outlet,Apple Outlet,1,38,38,NO,https://www.jacob.de/apple-outlet/
Enterprise,,Enterprise,0,53135,51874,YES,https://www.jacob.de/enterprise/
Enterprise,Barcode Scanner,Barcode Scanner,1,598,598,NO,https://www.jacob.de/barcodescanner/
Enterprise,Drucker,Drucker,1,1162,1166,NO,https://www.jacob.de/enterprise-drucker/
Enterprise,Drucker,Belegdrucker,2,64,64,NO,https://www.jacob.de/belegdrucker/
Enterprise,Drucker,Etikettendrucker,2,1084,1084,NO,https://www.jacob.de/etikettendrucker/
Enterprise,Drucker,Plastikkartendrucker,2,18,18,NO,https://www.jacob.de/plastikkartendrucker/
Enterprise,Firewalls,Firewalls,1,24,24,NO,https://www.jacob.de/firewalls/
Enterprise,Handhelds,Handhelds,1,899,899,NO,https://www.jacob.de/handhelds/
Enterprise,Laufwerke & Medien,Laufwerke & Medien,1,136,136,NO,https://www.jacob.de/enterprise-laufwerke-medien/
Enterprise,Laufwerke & Medien,Bandlaufwerke,2,38,38,NO,https://www.jacob.de/bandlaufwerke/
Enterprise,Laufwerke & Medien,Cartridges Bänder,2,98,98,NO,https://www.jacob.de/cartridges-baender-dlt-lto/
Enterprise,Patchpanel,Patchpanel,1,828,828,NO,https://www.jacob.de/patchpanel/
Enterprise,POS,POS,1,855,855,NO,https://www.jacob.de/pos/
Enterprise,POS,POS-Ausstattung,2,247,247,NO,https://www.jacob.de/pos-ausstattung/
Enterprise,POS,POS-Geräte,2,186,186,NO,https://www.jacob.de/pos-geraete/
Enterprise,POS,POS-Gerätezubehör,2,422,422,NO,https://www.jacob.de/pos-geraetezubehoer/
Enterprise,Racks,Racks,1,5204,3938,NO,https://www.jacob.de/racks/
Enterprise,Racks,KVM Konsolen,2,31,31,NO,https://www.jacob.de/kvm-konsolen/
Enterprise,Racks,Racks Zubehör,2,3655,3655,NO,https://www.jacob.de/server-rack-zubehoer/
Enterprise,Racks,Serverschränke / Racks,2,3,3,NO,https://www.jacob.de/server-schraenke-racks/
Enterprise,Racks,Steckdosenleiste,2,249,249,NO,https://www.jacob.de/rack-steckdosenleisten/
Enterprise,Redundante Stromversorgung,Redundante Stromversorgung,1,18,18,NO,https://www.jacob.de/redundante-stromversorgung/
Enterprise,Server,Server,1,205,205,NO,https://www.jacob.de/server/
Enterprise,Service & Support,Service & Support,1,41459,41459,YES,https://www.jacob.de/service-support/
Enterprise,Service & Support,Ausgabegeräte,2,3004,3004,NO,https://www.jacob.de/service-support-ausgabegeraete/
Enterprise,Service & Support,Eingabegeräte,2,621,621,NO,https://www.jacob.de/service-support-eingabegeraete/
Enterprise,Service & Support,Netzwerk,2,5427,5427,NO,https://www.jacob.de/service-support-netzwerk/
Enterprise,Service & Support,Software,2,7554,7554,NO,https://www.jacob.de/service-support-software/
Enterprise,Service & Support,Speichergeräte,2,246,246,NO,https://www.jacob.de/service-support-speichergeraete/
Enterprise,Service & Support,Systeme,2,17233,17233,YES,https://www.jacob.de/service-support-systeme/
Enterprise,Service & Support,Weiterer Service & Support,2,7374,7374,NO,https://www.jacob.de/service-support-divers/
Enterprise,Storage Systeme,Storage Systeme,1,266,266,NO,https://www.jacob.de/storage-systeme/
Enterprise,Telefonanlagen,Telefonanlagen,1,259,259,NO,https://www.jacob.de/telefon-anlagen/
Enterprise,Thin Clients,Thin Clients,1,28,28,NO,https://www.jacob.de/thin-clients/
Enterprise,Unterbrechungsfreie Stromversorgung (USV),Unterbrechungsfreie Stromversorgung (USV),1,996,996,NO,https://www.jacob.de/usv-stromversorgung/
Enterprise,Workstations,Workstations,1,199,199,NO,https://www.jacob.de/workstations/
Haushalt,,Haushalt,0,40822,40585,YES,https://www.jacob.de/haushalt/
Haushalt,Baby- & Kleinkindbedarf,Baby- & Kleinkindbedarf,1,74,5,NO,https://www.jacob.de/baby-kleinkind-bedarf/
Haushalt,Baby- & Kleinkindbedarf,Babyphone,2,5,5,NO,https://www.jacob.de/babyphone/
Haushalt,Batterien,Batterien,1,152,152,NO,https://www.jacob.de/batterien/
Haushalt,Elektro & Installation,Elektro & Installation,1,28519,28519,YES,https://www.jacob.de/elektro-installation/
Haushalt,Elektro & Installation,Antriebstechnik,2,88,88,NO,https://www.jacob.de/elektro-installation-antriebstechnik/
Haushalt,Elektro & Installation,Bauelemente (aktiv),2,560,560,NO,https://www.jacob.de/aktive-bauelemente/
Haushalt,Elektro & Installation,Bauelemente (passiv),2,159,159,NO,https://www.jacob.de/passive-bauelemente/
Haushalt,Elektro & Installation,Elektroinstallation,2,11149,11149,YES,https://www.jacob.de/elektroinstallation/
Haushalt,Elektro & Installation,Gefahrenmelder,2,7,7,NO,https://www.jacob.de/gefahrenmelder-rauchmelder/
Haushalt,Elektro & Installation,Heizung & Warmwasserinstallation,2,179,179,NO,https://www.jacob.de/heizung-warmwasserinstallation/
Haushalt,Elektro & Installation,Kabeltrommel (Strom),2,79,79,NO,https://www.jacob.de/kabeltrommeln-strom-verlaengerung/
Haushalt,Elektro & Installation,Leiterplatten & Entwicklungskits,2,452,452,NO,https://www.jacob.de/leiterplatten-entwicklungskits/
Haushalt,Elektro & Installation,Optoelektronik,2,149,149,NO,https://www.jacob.de/elektro-installation-optoelektronik/
Haushalt,Elektro & Installation,Pneumatik & Allfluid,2,39,39,NO,https://www.jacob.de/elektro-installation-pneumatik-allfluid/
Haushalt,Elektro & Installation,Relais,2,2216,2216,NO,https://www.jacob.de/elektro-installation-relais/
Haushalt,Elektro & Installation,Sanitärinstallation,2,184,184,NO,https://www.jacob.de/installation-sanitaerinstallation/
Haushalt,Elektro & Installation,Schalter & Taster,2,2627,2627,NO,https://www.jacob.de/elektro-installation-schalter-taster/
Haushalt,Elektro & Installation,Schalterserien,2,2650,2650,NO,https://www.jacob.de/elektro-installation-schalterserien/
Haushalt,Elektro & Installation,Sensoren,2,349,349,NO,https://www.jacob.de/elektro-installation-sensoren/
Haushalt,Elektro & Installation,Sicherheitstechnik,2,1142,1142,NO,https://www.jacob.de/elektro-installation-sicherheitstechnik/
Haushalt,Elektro & Installation,Sicherungen,2,171,171,NO,https://www.jacob.de/elektro-installation-sicherungen/
Haushalt,Elektro & Installation,Smart Home,2,1733,1733,NO,https://www.jacob.de/smart-home/
Haushalt,Elektro & Installation,Steckdosenleiste,2,1132,1132,NO,https://www.jacob.de/steckdosenleisten-mehrfachstecker/
Haushalt,Elektro & Installation,Steckverbinder & Klemmen,2,3294,3294,NO,https://www.jacob.de/steckverbinder-klemmen/
Haushalt,Elektro & Installation,Transformatoren,2,48,48,NO,https://www.jacob.de/elektro-installation-transformatoren/
Haushalt,Elektro & Installation,Verlängerungskabel,2,112,112,NO,https://www.jacob.de/verlaengerungskabel/
Haushalt,Garten,Garten,1,1086,966,NO,https://www.jacob.de/garten-heimwerken/
Haushalt,Garten,Ast- & Rebenschere,2,83,83,NO,https://www.jacob.de/garten-ast-rebenscheren/
Haushalt,Garten,Garten Bewässerung & Belüftung,2,701,701,NO,https://www.jacob.de/garten-bewaesserung-belueftung/
Haushalt,Garten,Gartenhandschuhe,2,10,10,NO,https://www.jacob.de/garden-handschuhe/
Haushalt,Garten,Grillen,2,19,19,NO,https://www.jacob.de/garten-grillen-barbecue/
Haushalt,Garten,Heckenschere,2,50,50,NO,https://www.jacob.de/garten-heckenschere/
Haushalt,Garten,Kettensäge,2,44,44,NO,https://www.jacob.de/garten-kettensaegen/
Haushalt,Garten,Laubbläser,2,37,37,NO,https://www.jacob.de/garten-laubblaeser/
Haushalt,Garten,Laubsammler,2,2,2,NO,https://www.jacob.de/garten-laubsammler/
Haushalt,Garten,Rasenmäher und Roboter,2,20,20,NO,https://www.jacob.de/garden-grass/
Haushalt,Geschirr,Geschirr,1,373,373,NO,https://www.jacob.de/geschirr/
Haushalt,Geschirr,Besteck,2,41,41,NO,https://www.jacob.de/geschirr-besteck/
Haushalt,Geschirr,Frischhaltedosen,2,52,52,NO,https://www.jacob.de/geschirr-frischhaltedosen/
Haushalt,Geschirr,Papp-Geschirr,2,39,39,NO,https://www.jacob.de/papp-geschirr/
Haushalt,Geschirr,Schüsseln,2,35,35,NO,https://www.jacob.de/geschirr-schuesseln/
Haushalt,Geschirr,Servietten,2,72,72,NO,https://www.jacob.de/servietten/
Haushalt,Geschirr,Tassen,2,25,25,NO,https://www.jacob.de/geschirr-tassen/
Haushalt,Geschirr,Teller,2,43,43,NO,https://www.jacob.de/geschirr-teller/
Haushalt,Geschirr,Tischdecken,2,20,20,NO,https://www.jacob.de/tischdecken/
Haushalt,Geschirr,Trinkflaschen,2,46,46,NO,https://www.jacob.de/geschirr-trinkflaschen/
Haushalt,Gesundheit & Wellness,Gesundheit & Wellness,1,392,392,NO,https://www.jacob.de/gesundheit-wellness/
Haushalt,Gesundheit & Wellness,Blutdruckmessgeräte,2,19,19,NO,https://www.jacob.de/blutdruckmessgeraete/
Haushalt,Gesundheit & Wellness,Gesundheit,2,195,195,NO,https://www.jacob.de/gesundheit-geraete/
Haushalt,Gesundheit & Wellness,Heizdecken & Kissen,2,27,27,NO,https://www.jacob.de/heizdecken-kissen/
Haushalt,Gesundheit & Wellness,Massagegerät,2,35,35,NO,https://www.jacob.de/massagegeraete/
Haushalt,Gesundheit & Wellness,Personenwaage,2,67,67,NO,https://www.jacob.de/personenwaagen/
Haushalt,Gesundheit & Wellness,Verbandsmaterial,2,49,49,NO,https://www.jacob.de/verbandsmaterial/
Haushalt,"Heizung, Lüftung & Klima","Heizung, Lüftung & Klima",1,197,190,NO,https://www.jacob.de/heizung-lueftung-klima/
Haushalt,"Heizung, Lüftung & Klima",Klimaanlagen,2,3,3,NO,https://www.jacob.de/elektro-installation-klimaanlagen/
Haushalt,"Heizung, Lüftung & Klima",Luftbe-/entfeuchter/-reiniger,2,31,31,NO,https://www.jacob.de/luftbefeuchter-entfeuchter-luftreiniger/
Haushalt,"Heizung, Lüftung & Klima",Ventilator,2,30,23,NO,https://www.jacob.de/ventilatoren/
Haushalt,"Heizung, Lüftung & Klima",Deckenventilator,3,1,1,NO,https://www.jacob.de/deckenventilatoren/
Haushalt,"Heizung, Lüftung & Klima",Handventilator,3,7,7,NO,https://www.jacob.de/handventilatoren/
Haushalt,"Heizung, Lüftung & Klima",Standventilator,3,8,8,NO,https://www.jacob.de/standventilatoren/
Haushalt,"Heizung, Lüftung & Klima",Tischventilator,3,4,4,NO,https://www.jacob.de/tischventilatoren/
Haushalt,"Heizung, Lüftung & Klima",Wandventilator,3,3,3,NO,https://www.jacob.de/wandventilatoren/
Haushalt,"Heizung, Lüftung & Klima",Wetterstation,2,133,133,NO,https://www.jacob.de/wetterstationen/
Haushalt,Hobby & Freizeit,Hobby & Freizeit,1,2762,2733,NO,https://www.jacob.de/hobby-freizeit/
Haushalt,Hobby & Freizeit,Camping & Outdoor,2,750,750,NO,https://www.jacob.de/camping-outdoor/
Haushalt,Hobby & Freizeit,Ferngläser,2,29,29,NO,https://www.jacob.de/fernglaeser/
Haushalt,Hobby & Freizeit,Modellbau,2,410,410,NO,https://www.jacob.de/modellbau/
Haushalt,Hobby & Freizeit,Modellauto,3,140,140,NO,https://www.jacob.de/modellautos/
Haushalt,Hobby & Freizeit,Modelleisenbahn,3,192,192,NO,https://www.jacob.de/modelleisenbahn/
Haushalt,Hobby & Freizeit,Modellflugzeug,3,5,5,NO,https://www.jacob.de/modellflugzeuge/
Haushalt,Hobby & Freizeit,Multikopter,3,73,73,NO,https://www.jacob.de/multikoper-drohnen/
Haushalt,Hobby & Freizeit,Musikinstrumente,2,397,397,NO,https://www.jacob.de/music-instruments/
Haushalt,Hobby & Freizeit,Nebelmaschinen,2,21,21,NO,https://www.jacob.de/nebelmaschine/
Haushalt,Hobby & Freizeit,Spielzeug,2,1155,1126,NO,https://www.jacob.de/spielzeug/
Haushalt,Hobby & Freizeit,Brettspiele,3,19,19,NO,https://www.jacob.de/brettspiele-gesellschaftsspiele/
Haushalt,Hobby & Freizeit,Bügelperlen,3,82,82,NO,https://www.jacob.de/spielzeug-perlen/
Haushalt,Hobby & Freizeit,Experimentierkästen,3,1,1,NO,https://www.jacob.de/experimentierkaesten/
Haushalt,Hobby & Freizeit,Gartenspielzeug,3,1,1,NO,https://www.jacob.de/gartenspielzeug/
Haushalt,Hobby & Freizeit,Lernspielzeug,3,7,7,NO,https://www.jacob.de/lernspielzeug/
Haushalt,Hobby & Freizeit,Spielzeugauto,3,191,191,NO,https://www.jacob.de/spielzeugautos/
Haushalt,Hobby & Freizeit,Systemspielzeug,3,11,11,NO,https://www.jacob.de/systemspielzeug/
Haushalt,Hobby & Freizeit,LEGO,3,754,754,NO,https://www.jacob.de/spielzeug-lego/
Haushalt,Hobby & Freizeit,Vtech,3,36,36,NO,https://www.jacob.de/spielkzeug-vtech/
Haushalt,Hobby & Freizeit,Playmobil,3,24,24,NO,https://www.jacob.de/spielzeug-playmobil/
Haushalt,Körperpflege,Körperpflege,1,759,759,NO,https://www.jacob.de/koerperpflege/
Haushalt,Körperpflege,Epilierer,2,31,31,NO,https://www.jacob.de/epilierer/
Haushalt,Körperpflege,Föhn / Haartrockner,2,60,60,NO,https://www.jacob.de/haartrockner/
Haushalt,Körperpflege,Glätteisen,2,26,26,NO,https://www.jacob.de/glaetteisen/
Haushalt,Körperpflege,Haarschneider,2,51,51,NO,https://www.jacob.de/haarschneider/
Haushalt,Körperpflege,Körperpflege,2,466,466,NO,https://www.jacob.de/pflegeutensilien/
Haushalt,Körperpflege,Lockenstäbe,2,10,10,NO,https://www.jacob.de/lockenstaebe/
Haushalt,Körperpflege,Rasierer,2,50,50,NO,https://www.jacob.de/rasierer/
Haushalt,Körperpflege,Zahnbürste,2,65,65,NO,https://www.jacob.de/zahnbuerste/
Haushalt,Küche,Küche,1,1511,1523,NO,https://www.jacob.de/kueche/
Haushalt,Küche,Brotbackautomat,2,10,10,NO,https://www.jacob.de/kueche-brotbackautomaten/
Haushalt,Küche,Crèpes Eisen,2,6,6,NO,https://www.jacob.de/kueche-crepes-eisen/
Haushalt,Küche,Dampfgarer,2,16,16,NO,https://www.jacob.de/kueche-dampfgarer/
Haushalt,Küche,Donut-Maker,2,1,1,NO,https://www.jacob.de/kueche-donut-maker/
Haushalt,Küche,Eierkocher,2,36,36,NO,https://www.jacob.de/kueche-eierkocher/
Haushalt,Küche,Eismaschine,2,26,26,NO,https://www.jacob.de/kueche-eismaschinen/
Haushalt,Küche,Entsafter,2,53,53,NO,https://www.jacob.de/kueche-entsafter/
Haushalt,Küche,Fritteusen,2,99,99,NO,https://www.jacob.de/fritteusen/
Haushalt,Küche,Grill,2,60,60,NO,https://www.jacob.de/kueche-grills/
Haushalt,Küche,Handmixer,2,26,26,NO,https://www.jacob.de/kueche-handmixer/
Haushalt,Küche,Kaffeemaschinen,2,30,30,NO,https://www.jacob.de/kueche-kaffeemaschinen/
Haushalt,Küche,Kaffeemaschinen,3,30,30,NO,https://www.jacob.de/kaffeemaschinen/
Haushalt,Küche,Kochplatten,2,15,15,NO,https://www.jacob.de/kueche-kochplatten/
Haushalt,Küche,Küchenmaschinen,2,68,68,NO,https://www.jacob.de/kueche-kuechenmaschinen/
Haushalt,Küche,Küchenwaagen,2,64,64,NO,https://www.jacob.de/kueche-kuechenwaagen/
Haushalt,Küche,Mikrowellen,2,96,96,NO,https://www.jacob.de/kueche-mikrowellen/
Haushalt,Küche,Pizzadom,2,6,6,NO,https://www.jacob.de/pizzadom/
Haushalt,Küche,Sandwich Maker,2,34,34,NO,https://www.jacob.de/kueche-sandwich-maker/
Haushalt,Küche,Schneidemaschinen,2,51,51,NO,https://www.jacob.de/kueche-schneidemaschinen/
Haushalt,Küche,Stabmixer,2,168,168,NO,https://www.jacob.de/kueche-stabmixer/
Haushalt,Küche,Standmixer,2,99,99,NO,https://www.jacob.de/kueche-standmixer/
Haushalt,Küche,Toaster,2,149,149,NO,https://www.jacob.de/kueche-toaster/
Haushalt,Küche,Waffeleisen,2,60,60,NO,https://www.jacob.de/kueche-waffeleisen/
Haushalt,Küche,Wasserfilter,2,39,39,NO,https://www.jacob.de/kueche-wasserfilter/
Haushalt,Küche,Wasserkocher,2,299,299,NO,https://www.jacob.de/kueche-wasserkocher/
Haushalt,Küche,Ninja Heißluftfritteusen,2,12,12,NO,https://www.jacob.de/ninja-heissluftfritteusen/
Haushalt,Navigationsgeräte,Navigationsgeräte,1,53,53,NO,https://www.jacob.de/navigation-navigationsgeraete/
Haushalt,Reinigung,Reinigung,1,781,781,NO,https://www.jacob.de/reinigung/
Haushalt,Reinigung,Bügeleisen,2,128,128,NO,https://www.jacob.de/buegeleisen/
Haushalt,Reinigung,Dampfreiniger,2,29,29,NO,https://www.jacob.de/dampfreiniger/
Haushalt,Reinigung,Handstaubsauger,2,114,114,NO,https://www.jacob.de/handstaubsauger/
Haushalt,Reinigung,Hochdruckreiniger,2,109,109,NO,https://www.jacob.de/hochdruckreiniger/
Haushalt,Reinigung,Nass- & Trockensauger,2,60,60,NO,https://www.jacob.de/nass-trockensauger/
Haushalt,Reinigung,Saugroboter,2,55,55,NO,https://www.jacob.de/saugroboter/
Haushalt,Reinigung,Schädlingsbekämpfung,2,36,36,NO,https://www.jacob.de/schaedlingsbekaempfung/
Haushalt,Reinigung,Staubsauger,2,250,250,NO,https://www.jacob.de/staubsauger/
Haushalt,Wanduhr,Wanduhr,1,162,162,NO,https://www.jacob.de/wanduhren/
Haushalt,Wecker,Wecker,1,9,9,NO,https://www.jacob.de/wecker/
Haushalt,Werkzeug,Werkzeug,1,3984,3957,NO,https://www.jacob.de/werkzeug/
Haushalt,Werkzeug,Bohrmaschine,2,70,70,NO,https://www.jacob.de/werkzeug-bohrmaschinen/
Haushalt,Werkzeug,Cutter-Messer,2,194,194,NO,https://www.jacob.de/werkzeug-messer/
Haushalt,Werkzeug,Gehörschutz,2,59,59,NO,https://www.jacob.de/werkzeug-gehoerschutz/
Haushalt,Werkzeug,Hammer,2,187,187,NO,https://www.jacob.de/werkzeug-hammer/
Haushalt,Werkzeug,Heißluftgeräte,2,59,59,NO,https://www.jacob.de/werkzeug-heissluftgeraete/
Haushalt,Werkzeug,Kreissäge,2,80,80,NO,https://www.jacob.de/werkzeug-kreissaegen/
Haushalt,Werkzeug,Leiter,2,14,14,NO,https://www.jacob.de/werkzeug-leitern/
Haushalt,Werkzeug,Lötkolben,2,2,2,NO,https://www.jacob.de/werkzeug-loetkolben/
Haushalt,Werkzeug,Lötstation,2,1,1,NO,https://www.jacob.de/werkzeug-loetstationen/
Haushalt,Werkzeug,Maßbänder,2,48,48,NO,https://www.jacob.de/werkzeug-massband/
Haushalt,Werkzeug,Multimeter,2,137,137,NO,https://www.jacob.de/werkzeug-multimeter/
Haushalt,Werkzeug,Oszilloskop,2,5,5,NO,https://www.jacob.de/werkzeug-oszilloskop/
Haushalt,Werkzeug,Schleifmaschinen,2,313,313,NO,https://www.jacob.de/werkzeug-schleifgeraete/
Haushalt,Werkzeug,Schraubenschlüssel,2,401,401,NO,https://www.jacob.de/werkzeug-schraubenschluessel/
Haushalt,Werkzeug,Schraubenzieher,2,1077,1077,NO,https://www.jacob.de/werkzeug-schraubenzieher/
Haushalt,Werkzeug,Sortimentskästen,2,32,32,NO,https://www.jacob.de/werkzeug-sortimentskasten/
Haushalt,Werkzeug,Steckschlüssel & Sets,2,205,205,NO,https://www.jacob.de/werkzeug-steckschluessel/
Haushalt,Werkzeug,Stichsägen,2,76,76,NO,https://www.jacob.de/werkzeug-stichsaegen/
Haushalt,Werkzeug,Sägen,2,101,101,NO,https://www.jacob.de/werkzeug-saegen/
Haushalt,Werkzeug,Werkzeugkoffer,2,120,120,NO,https://www.jacob.de/werkzeug-koffer/
Haushalt,Werkzeug,Werkzeugsatz,2,34,34,NO,https://www.jacob.de/werkzeug-satz/
Haushalt,Werkzeug,Abisolierwerkzeug,2,201,201,NO,https://www.jacob.de/werkzeug-abisolierwerkzeuge/
Haushalt,Werkzeug,Akkuschrauber,2,134,134,NO,https://www.jacob.de/werkzeug-akkuschrauber/
Haushalt,Werkzeug,Bohrhammer,2,157,157,NO,https://www.jacob.de/werkzeug-bohrhammer/
Haushalt,Werkzeug,Werkzeugtaschen,2,82,82,NO,https://www.jacob.de/werkzeug-tasche/
Haushalt,Werkzeug,Zange,2,168,168,NO,https://www.jacob.de/werkzeug-zange/
Haushalt,Schlüsselfinder,Schlüsselfinder,1,11,11,NO,https://www.jacob.de/schluesselfinder/
Netzwerk,,Netzwerk,0,51399,50608,YES,https://www.jacob.de/netzwerk/
Netzwerk,Access Points,Access Points,1,695,695,NO,https://www.jacob.de/access-points/
Netzwerk,Antennen,Antennen,1,958,958,NO,https://www.jacob.de/netzwerk-antennen/
Netzwerk,Antennenkabel,Antennenkabel,1,56,56,NO,https://www.jacob.de/antennenkabel/
Netzwerk,Netzwerk-Kabel & -Adapter,Netzwerk-Kabel & -Adapter,1,35349,35349,YES,https://www.jacob.de/netzwerk-kabel-adapter/
Netzwerk,Netzwerk-Kabel & -Adapter,LWL Kabel,2,10763,10763,YES,https://www.jacob.de/netzwerk-lwl-kabel/
Netzwerk,Netzwerk-Kabel & -Adapter,Netzwerkdosen,2,274,274,NO,https://www.jacob.de/netzwerkdosen/
Netzwerk,Netzwerk-Kabel & -Adapter,Patchkabel,2,24312,24312,YES,https://www.jacob.de/netzwerk-patchkabel/
Netzwerk,Netzwerk-Werkzeuge,Netzwerk-Werkzeuge,1,249,249,NO,https://www.jacob.de/netzwerk-werkzeuge/
Netzwerk,Netzwerk-Werkzeuge,Crimpzange,2,207,207,NO,https://www.jacob.de/crimp-zange/
Netzwerk,Netzwerk-Werkzeuge,LSA Anlegewerkzeug,2,3,3,NO,https://www.jacob.de/lsa-anlegewerkzeug/
Netzwerk,Netzwerk-Werkzeuge,Netzwerktester,2,39,39,NO,https://www.jacob.de/netzwerktester/
Netzwerk,Netzwerkkameras,Netzwerkkameras,1,2318,2318,NO,https://www.jacob.de/netzwerk-ip-kameras/
Netzwerk,Powerline,Powerline,1,53,53,NO,https://www.jacob.de/netzwerk-powerline/
Netzwerk,Printserver,Printserver,1,30,30,NO,https://www.jacob.de/printserver/
Netzwerk,Repeater,Repeater,1,80,80,NO,https://www.jacob.de/wlan-repeater/
Netzwerk,Router,Router,1,923,28,NO,https://www.jacob.de/router/
Netzwerk,Router,FRITZ!Box,2,28,28,NO,https://www.jacob.de/router-fritzbox/
Netzwerk,Switche,Switche,1,2168,2168,NO,https://www.jacob.de/switches/
Netzwerk,Transceiver Modules,Transceiver Modules,1,8572,8572,NO,https://www.jacob.de/transceiver-module/
Netzwerk,Ubiquiti Camera Security,Ubiquiti Camera Security,1,4,4,NO,https://www.jacob.de/ubiquiti-camera-security/
Netzwerk,Ubiquiti Cloud Gateways,Ubiquiti Cloud Gateways,1,6,6,NO,https://www.jacob.de/ubiquiti-cloud-gateways/
Netzwerk,Ubiquiti Netzwerk Sale,Ubiquiti Netzwerk Sale,1,28,28,NO,https://www.jacob.de/ubiquiti-netzwerk-sale/
Netzwerk,Ubiquiti Netzwerk Sale,Access Points,2,9,9,NO,https://www.jacob.de/ubiquiti-access-points/
Netzwerk,Ubiquiti Netzwerk Sale,Netzwerkkameras,2,5,5,NO,https://www.jacob.de/ubiquiti-netzwerkkameras/
Netzwerk,Ubiquiti Netzwerk Sale,Router,2,6,6,NO,https://www.jacob.de/ubiquiti-router/
Netzwerk,Ubiquiti Netzwerk Sale,Switches,2,8,8,NO,https://www.jacob.de/ubiquiti-switches/
Netzwerk,Ubiquiti Switching,Ubiquiti Switching,1,8,8,NO,https://www.jacob.de/ubiquiti-switching/
Netzwerk,Ubiquiti WiFi,Ubiquiti WiFi,1,6,6,NO,https://www.jacob.de/ubiquiti-wifi/
Notebooks & Tablets,,Notebooks & Tablets,0,9265,7848,NO,https://www.jacob.de/notebook-tablet/
Notebooks & Tablets,2in1 Notebooks & Tablets,2in1 Notebooks & Tablets,1,10,10,NO,https://www.jacob.de/2in1-notebooks-tablets/
Notebooks & Tablets,eBook Reader,eBook Reader,1,92,92,NO,https://www.jacob.de/ebook-reader/
Notebooks & Tablets,Gaming-Laptops,Gaming-Laptops,1,92,92,NO,https://www.jacob.de/gaming-laptops/
Notebooks & Tablets,Lade-/Dockingstation,Lade-/Dockingstation,1,1152,1152,NO,https://www.jacob.de/lade-dockingstations/
Notebooks & Tablets,Notebook-Kühler,Notebook-Kühler,1,34,34,NO,https://www.jacob.de/notebook-kuehler/
Notebooks & Tablets,Notebook-Sicherheit,Notebook-Sicherheit,1,137,137,NO,https://www.jacob.de/notebook-sicherheit/
Notebooks & Tablets,Notebooktaschen,Notebooktaschen,1,1541,1541,NO,https://www.jacob.de/notebook-taschen/
Notebooks & Tablets,Tablet-Hüllen,Tablet-Hüllen,1,743,743,NO,https://www.jacob.de/tablet-huellen-cover/
Notebooks & Tablets,Tablets,Tablets,1,565,120,NO,https://www.jacob.de/tablets/
Notebooks & Tablets,Tablets,Samsung Tablets,2,131,60,NO,https://www.jacob.de/samsung-tablets/
Notebooks & Tablets,Tablets,Samsung Galaxy Tab S,3,,,NO,https://www.jacob.de/samsung-galaxy-tab-s11/
Notebooks & Tablets,Tablets,Samsung Galaxy Tab S11 Ultra,3,7,7,NO,https://www.jacob.de/samsung-galaxy-tab-s11-ultra/
Notebooks & Tablets,Tablets,Samsung Galaxy Tab S10+,3,9,9,NO,https://www.jacob.de/samsung-galaxy-tab-s10-plus/
Notebooks & Tablets,Tablets,Samsung Galaxy Tab S10 Ultra,3,9,9,NO,https://www.jacob.de/samsung-galaxy-tab-s10-ultra/
Notebooks & Tablets,Tablets,Samsung Galaxy Tab S10 Lite,3,14,14,NO,https://www.jacob.de/samsung-galaxy-tab-s10-lite/
Notebooks & Tablets,Tablets,Samsung Galaxy Tab S10 FE / FE+,3,9,9,NO,https://www.jacob.de/samsung-galaxy-tab-s10-fe/
Notebooks & Tablets,Tablets,Samsung Galaxy Tab A,3,,,NO,https://www.jacob.de/samsung-galaxy-tab-a11/
Notebooks & Tablets,Tablets,Samsung Galaxy Tab A11+,3,12,12,NO,https://www.jacob.de/samsung-galaxy-tab-a11-plus/
Notebooks & Tablets,Tablets,Lenovo Tablets,2,11,11,NO,https://www.jacob.de/lenovo-tablets/
Notebooks & Tablets,Tablets,Microsoft Surface Tablets,2,30,30,NO,https://www.jacob.de/microsoft-surface-tablets/
Notebooks & Tablets,Tablets,Xiaomi Tablets,2,7,7,NO,https://www.jacob.de/xiaomi-tablets/
Notebooks & Tablets,Tablets,Huawei Tablets,2,7,7,NO,https://www.jacob.de/huawei-tablets/
Notebooks & Tablets,Tablets,Kinder Tablets,2,5,5,NO,https://www.jacob.de/kinder-tablets/
Notebooks & Tablets,Notebooks,Notebooks,1,2935,859,NO,https://www.jacob.de/notebooks-laptops/
Notebooks & Tablets,Notebooks,Apple Laptops,2,78,78,NO,https://www.jacob.de/apple-laptops/
Notebooks & Tablets,Notebooks,Asus Laptops,2,87,87,NO,https://www.jacob.de/asus-laptops/
Notebooks & Tablets,Notebooks,Dell Laptops,2,66,66,NO,https://www.jacob.de/dell-laptops/
Notebooks & Tablets,Notebooks,HP Laptops,2,405,405,NO,https://www.jacob.de/hp-laptops/
Notebooks & Tablets,Notebooks,Lenovo Laptops,2,223,223,NO,https://www.jacob.de/lenovo-laptops/
Notebooks & Tablets,KI Notebooks,KI Notebooks,1,197,121,NO,https://www.jacob.de/ki-notebooks/
Notebooks & Tablets,KI Notebooks,Dell KI Notebooks,2,60,60,NO,https://www.jacob.de/dell-ki-notebooks/
Notebooks & Tablets,KI Notebooks,HP KI Notebooks,2,13,13,NO,https://www.jacob.de/hp-ki-notebooks/
Notebooks & Tablets,KI Notebooks,Lenovo KI Notebooks,2,5,5,NO,https://www.jacob.de/lenovo-ki-notebooks/
Notebooks & Tablets,KI Notebooks,Microsoft KI Notebooks,2,43,43,NO,https://www.jacob.de/microsoft-ki-notebooks/
Notebooks & Tablets,Blickschutzfolie,Blickschutzfolie,1,39,39,NO,https://www.jacob.de/blickschutzfolie/
Notebooks & Tablets,Windows 11 Laptops & Notebooks,Windows 11 Laptops & Notebooks,1,68,68,NO,https://www.jacob.de/windows-11-laptops/
Notebooks & Tablets,Windows 11 Tablets,Windows 11 Tablets,1,14,14,NO,https://www.jacob.de/windows-11-tablets/
Notebooks & Tablets,HP EliteBook Serie,HP EliteBook Serie,1,6,6,NO,https://www.jacob.de/hp-elitebook/
Notebooks & Tablets,Copilot+ Notebooks,Copilot+ Notebooks,1,74,74,NO,https://www.jacob.de/copilot-notebooks/
Notebooks & Tablets,HP Business Deals,HP Business Deals,1,4,4,NO,https://www.jacob.de/hp-business-deals/
Notebooks & Tablets,HP Business Deals,Mobile Workstations,2,2,2,NO,https://www.jacob.de/mobile-workstations/
Notebooks & Tablets,HP Business Deals,Mini Workstations,2,2,2,NO,https://www.jacob.de/mini-workstations/
Notebooks & Tablets,Black November Deals,Black November Deals,1,2085,2742,NO,https://www.jacob.de/black-november-deals/
Notebooks & Tablets,Black November Deals,Apple,2,53,53,NO,https://www.jacob.de/black-november-apple/
Notebooks & Tablets,Black November Deals,Apple,3,3,3,NO,https://www.jacob.de/black-november-apple-2/
Notebooks & Tablets,Black November Deals,Apple Zubehör,3,50,50,NO,https://www.jacob.de/black-november-apple-zubehoer/
Notebooks & Tablets,Black November Deals,Audio,2,57,57,NO,https://www.jacob.de/black-november-audio/
Notebooks & Tablets,Black November Deals,Audio,3,37,37,NO,https://www.jacob.de/black-november-audio-2/
Notebooks & Tablets,Black November Deals,Audio Zubehör,3,20,20,NO,https://www.jacob.de/black-november-audio-zubehoer/
Notebooks & Tablets,Black November Deals,Festplatten & Speicher,2,120,120,NO,https://www.jacob.de/black-november-speicher/
Notebooks & Tablets,Black November Deals,Home & Living,2,146,146,NO,https://www.jacob.de/black-november-home-living/
Notebooks & Tablets,Black November Deals,Monitore & Drucker,2,231,231,NO,https://www.jacob.de/black-november-monitore-drucker/
Notebooks & Tablets,Black November Deals,Drucker,3,31,31,NO,https://www.jacob.de/black-november-drucker/
Notebooks & Tablets,Black November Deals,Drucker Zubehör,3,125,125,NO,https://www.jacob.de/black-november-drucker-zubehoer/
Notebooks & Tablets,Black November Deals,Monitore,3,9,9,NO,https://www.jacob.de/black-november-monitore-2/
Notebooks & Tablets,Black November Deals,Monitore Zubehör,3,66,66,NO,https://www.jacob.de/black-november-monitore-zubehoer/
Notebooks & Tablets,Black November Deals,Netzwerke,2,391,391,NO,https://www.jacob.de/black-november-netzwerke/
Notebooks & Tablets,Black November Deals,Netzwerke,3,180,180,NO,https://www.jacob.de/black-november-netzwerke-2/
Notebooks & Tablets,Black November Deals,Netzwerke Zubehör,3,211,211,NO,https://www.jacob.de/black-november-netzwerke-zubehoer/
Notebooks & Tablets,Black November Deals,Notebooks & Tablets,2,27,27,NO,https://www.jacob.de/black-november-notebooks-tablets/
Notebooks & Tablets,Black November Deals,Notebooks,3,2,2,NO,https://www.jacob.de/black-november-notebooks/
Notebooks & Tablets,Black November Deals,Notebooks Zubehör,3,21,21,NO,https://www.jacob.de/black-november-notebooks-zubehoer/
Notebooks & Tablets,Black November Deals,Tablets,3,3,3,NO,https://www.jacob.de/black-november-tablets/
Notebooks & Tablets,Black November Deals,Tablets Zubehör,3,1,1,NO,https://www.jacob.de/black-november-tablets-zubehoer/
Notebooks & Tablets,Black November Deals,PC-Systeme,2,74,74,NO,https://www.jacob.de/black-november-pc/
Notebooks & Tablets,Black November Deals,PC-Systeme,3,2,2,NO,https://www.jacob.de/black-november-pc-2/
Notebooks & Tablets,Black November Deals,PC-Systeme Zubehör,3,72,72,NO,https://www.jacob.de/black-november-pc-zubehoer/
Notebooks & Tablets,Black November Deals,Smartphones & Smartwatches,2,110,110,NO,https://www.jacob.de/black-november-smartphones-smartwatches/
Notebooks & Tablets,Black November Deals,Smartphones,3,12,12,NO,https://www.jacob.de/black-november-smartphones/
Notebooks & Tablets,Black November Deals,Smartphones Zubehör,3,86,86,NO,https://www.jacob.de/black-november-smartphones-zubehoer/
Notebooks & Tablets,Black November Deals,Smartwatches,3,7,7,NO,https://www.jacob.de/black-november-smartwatches/
Notebooks & Tablets,Black November Deals,Smartwatches Zubehör,3,5,5,NO,https://www.jacob.de/black-november-smartwatches-zubehoer/
Notebooks & Tablets,Black November Deals,Zubehör,2,686,686,NO,https://www.jacob.de/black-november-zubehoer/
Notebooks & Tablets,Black November Deals,Apple Zubehör,3,50,50,NO,https://www.jacob.de/black-november-zubehoer-apple/
Notebooks & Tablets,Black November Deals,Audio Zubehör,3,20,20,NO,https://www.jacob.de/black-november-zubehoer-audio/
Notebooks & Tablets,Black November Deals,Drucker Zubehör,3,126,126,NO,https://www.jacob.de/black-november-zubehoer-drucker/
Notebooks & Tablets,Black November Deals,Eingabegeräte Zubehör,3,28,28,NO,https://www.jacob.de/black-november-zubehoer-eingabegeraete/
Notebooks & Tablets,Black November Deals,Monitore Zubehör,3,66,66,NO,https://www.jacob.de/black-november-zubehoer-monitore/
Notebooks & Tablets,Black November Deals,Netzwerke Zubehör,3,211,211,NO,https://www.jacob.de/black-november-zubehoer-netzwerke/
Notebooks & Tablets,Black November Deals,Notebooks Zubehör,3,21,21,NO,https://www.jacob.de/black-november-zubehoer-notebooks/
Notebooks & Tablets,Black November Deals,PC-Systeme Zubehör,3,72,72,NO,https://www.jacob.de/black-november-zubehoer-pc/
Notebooks & Tablets,Black November Deals,Smartphones Zubehör,3,86,86,NO,https://www.jacob.de/black-november-zubehoer-smartphones/
Notebooks & Tablets,Black November Deals,Smartwatches Zubehör,3,5,5,NO,https://www.jacob.de/black-november-zubehoer-smartwatches/
Notebooks & Tablets,Black November Deals,Tablets Zubehör,3,1,1,NO,https://www.jacob.de/black-november-zubehoer-tablets/
Notebooks & Tablets,Black November Deals,B-Ware,2,847,847,NO,https://www.jacob.de/black-november-b-ware/
Notebooks & Tablets,Black November Deals,Apple B-Ware,3,51,51,NO,https://www.jacob.de/black-november-b-ware-apple/
Notebooks & Tablets,Black November Deals,Audio B-Ware,3,15,15,NO,https://www.jacob.de/black-november-b-ware-audio/
Notebooks & Tablets,Black November Deals,Drucker B-Ware,3,132,132,NO,https://www.jacob.de/black-november-b-ware-drucker/
Notebooks & Tablets,Black November Deals,Eingabegeräte B-Ware,3,16,16,NO,https://www.jacob.de/black-november-b-ware-eingabegeraete/
Notebooks & Tablets,Black November Deals,Festplatten & Speicher B-Ware,3,96,96,NO,https://www.jacob.de/black-november-b-ware-speicher/
Notebooks & Tablets,Black November Deals,Home & Living B-Ware,3,49,49,NO,https://www.jacob.de/black-november-b-ware-home-living/
Notebooks & Tablets,Black November Deals,Monitore B-Ware,3,66,66,NO,https://www.jacob.de/black-november-b-ware-monitore/
Notebooks & Tablets,Black November Deals,Netzwerke B-Ware,3,178,178,NO,https://www.jacob.de/black-november-b-ware-netzwerke/
Notebooks & Tablets,Black November Deals,Notebooks & Tablets B-Ware,3,54,54,NO,https://www.jacob.de/black-november-b-ware-notebooks-tablets/
Notebooks & Tablets,Black November Deals,PC-Systeme B-Ware,3,91,91,NO,https://www.jacob.de/black-november-b-ware-pc/
Notebooks & Tablets,Black November Deals,Smartphones B-Ware,3,66,66,NO,https://www.jacob.de/black-november-b-ware-smartphones/
Notebooks & Tablets,Black November Deals,Smartwatches B-Ware,3,6,6,NO,https://www.jacob.de/black-november-b-ware-smartwatches/
Notebooks & Tablets,Black November Deals,Weitere Zubehör B-Ware,3,27,27,NO,https://www.jacob.de/black-november-b-ware-zubehoer/
Office,,Office,0,5935,5988,NO,https://www.jacob.de/office/
Office,Aktenvernichter,Aktenvernichter,1,67,67,NO,https://www.jacob.de/office-aktenvernichter/
Office,Büromöbel,Büromöbel,1,254,254,NO,https://www.jacob.de/office-buero-moebel/
Office,Büromöbel,Bürostühle,2,231,231,NO,https://www.jacob.de/office-buerostuehle/
Office,Büromöbel,Rollcontainer,2,7,7,NO,https://www.jacob.de/office-buero-rollcontainer/
Office,Büromöbel,Schreibtische,2,16,16,NO,https://www.jacob.de/office-buero-schreibtische/
Office,Diktiergeräte,Diktiergeräte,1,66,66,NO,https://www.jacob.de/diktiergeraete/
Office,Drucken,Drucken,1,2020,2073,NO,https://www.jacob.de/office-drucken/
Office,Drucken,Laserdrucker,2,108,108,NO,https://www.jacob.de/laserdrucker/
Office,Drucken,Tintenstrahldrucker,2,24,24,NO,https://www.jacob.de/tintenstrahldrucker/
Office,Drucken,Multifunktionsdrucker,2,447,447,NO,https://www.jacob.de/office-multifunktionsdrucker/
Office,Drucken,Plotter,2,52,52,NO,https://www.jacob.de/grossformatdrucker-plotter/
Office,Drucken,Plotterpapier,2,54,54,NO,https://www.jacob.de/plotter-papier/
Office,Drucken,Farbbänder,2,1388,1388,NO,https://www.jacob.de/farbbaender/
Office,Laminiergerät,Laminiergerät,1,37,37,NO,https://www.jacob.de/laminiergeraete/
Office,Presenter,Presenter,1,82,82,NO,https://www.jacob.de/presenter/
Office,Schreibgeräte,Schreibgeräte,1,757,757,NO,https://www.jacob.de/buerobedarf-schreibgeraete/
Office,Schreibgeräte,Bleistift,2,59,59,NO,https://www.jacob.de/buerobedarf-stifte-bleistifte/
Office,Schreibgeräte,Buntstifte,2,77,77,NO,https://www.jacob.de/buerobedarf-buntstifte/
Office,Schreibgeräte,Filzstifte,2,35,35,NO,https://www.jacob.de/buerobedarf-filzschreiber/
Office,Schreibgeräte,Fineliner,2,51,51,NO,https://www.jacob.de/buerobedarf-fineliner/
Office,Schreibgeräte,Flipchart Marker,2,17,17,NO,https://www.jacob.de/flipchart-marker/
Office,Schreibgeräte,Füllfederhalter,2,57,57,NO,https://www.jacob.de/buerobedarf-fuellfederhalter-fueller/
Office,Schreibgeräte,Kugelschreiber,2,256,256,NO,https://www.jacob.de/buerobedarf-kugelschreiber/
Office,Schreibgeräte,Permanent Marker,2,135,135,NO,https://www.jacob.de/buerobedarf-permanent-marker/
Office,Schreibgeräte,Text Marker,2,19,19,NO,https://www.jacob.de/buerobedarf-text-marker/
Office,Schreibgeräte,Whiteboard Marker,2,51,51,NO,https://www.jacob.de/whiteboardmarker/
Office,Schreibwaren,Schreibwaren,1,1115,1115,NO,https://www.jacob.de/schreibwaren-buerobedarf/
Office,Schreibwaren,Briefablagen,2,67,67,NO,https://www.jacob.de/office-briefablage/
Office,Schreibwaren,Briefumschläge,2,59,59,NO,https://www.jacob.de/buerobedarf-briefumschlaege/
Office,Schreibwaren,Karteikarten,2,26,26,NO,https://www.jacob.de/buerobedarf-karteikarten/
Office,Schreibwaren,Karten,2,53,53,NO,https://www.jacob.de/buerobedarf-karten/
Office,Schreibwaren,Klarsichthüllen,2,13,13,NO,https://www.jacob.de/buerobedarf-klarsichthuellen/
Office,Schreibwaren,Lineal,2,31,31,NO,https://www.jacob.de/buerobedarf-lineale/
Office,Schreibwaren,Locher,2,101,101,NO,https://www.jacob.de/buerobedarf-locher/
Office,Schreibwaren,Ordner & Mappen,2,87,87,NO,https://www.jacob.de/buerobedarf-ordner-mappen/
Office,Schreibwaren,Rahmen & Alben,2,190,190,NO,https://www.jacob.de/bilder-rahmen-alben/
Office,Schreibwaren,Sprühfarben,2,15,15,NO,https://www.jacob.de/color-grafitti/
Office,Schreibwaren,Stempel,2,244,244,NO,https://www.jacob.de/buerobedarf-stempel/
Office,Schreibwaren,Stempelkissen,2,78,78,NO,https://www.jacob.de/buerobedarf-stempelkissen/
Office,Schreibwaren,Tacker,2,151,151,NO,https://www.jacob.de/buerobedarf-tacker/
Office,Taschenrechner,Taschenrechner,1,200,200,NO,https://www.jacob.de/buerobedarf-taschenrechner/
Office,Telefon & Fax,Telefon & Fax,1,1337,1337,NO,https://www.jacob.de/office-telefon-fax/
Office,Telefon & Fax,Konferenzsysteme,2,181,181,NO,https://www.jacob.de/office-konferenzsysteme/
Office,Telefon & Fax,Telefone,2,695,695,NO,https://www.jacob.de/office-telefone/
Office,Telefon & Fax,Voice-over-IP Telefone,2,461,461,NO,https://www.jacob.de/office-voice-over-ip-telefone/
PC & Zubehör,,PC & Zubehör,0,416125,62256,YES,https://www.jacob.de/pc/
PC & Zubehör,Drucker & Scanner,Drucker & Scanner,1,12975,12597,YES,https://www.jacob.de/drucker-scanner/
PC & Zubehör,Drucker & Scanner,3D Drucker,2,21,21,NO,https://www.jacob.de/3d-drucker/
PC & Zubehör,Drucker & Scanner,3D-Druck Filamente,2,1282,1282,NO,https://www.jacob.de/drucker-3d-druck-filamente/
PC & Zubehör,Drucker & Scanner,Drucker,2,491,491,NO,https://www.jacob.de/drucker/
PC & Zubehör,Drucker & Scanner,Druckerpatronen,2,3980,3980,NO,https://www.jacob.de/drucker-tintenpatronen/
PC & Zubehör,Drucker & Scanner,Fotodrucker,2,21,21,NO,https://www.jacob.de/fotodrucker/
PC & Zubehör,Drucker & Scanner,Fotopapier,2,227,227,NO,https://www.jacob.de/drucker-fotopapier/
PC & Zubehör,Drucker & Scanner,Kopierpapier,2,191,191,NO,https://www.jacob.de/drucker-kopierpapier/
PC & Zubehör,Drucker & Scanner,Scanner,2,424,46,NO,https://www.jacob.de/scanner/
PC & Zubehör,Drucker & Scanner,Flachbettscanner,3,2,2,NO,https://www.jacob.de/flachbettscanner/
PC & Zubehör,Drucker & Scanner,Hybrid-Scanner,3,9,9,NO,https://www.jacob.de/hybrid-scanner/
PC & Zubehör,Drucker & Scanner,Duplex-Scanner,3,35,35,NO,https://www.jacob.de/duplex-scanner/
PC & Zubehör,Drucker & Scanner,Toner,2,6338,6338,NO,https://www.jacob.de/laserdrucker-toner/
PC & Zubehör,Eingabegeräte,Eingabegeräte,1,5496,522,NO,https://www.jacob.de/pc-eingabegeraete/
PC & Zubehör,Eingabegeräte,Computer-Mäuse,2,2151,126,NO,https://www.jacob.de/eingabegeraete-maeuse/
PC & Zubehör,Eingabegeräte,Gaming Mäuse,3,126,126,NO,https://www.jacob.de/gaming-maeuse/
PC & Zubehör,Eingabegeräte,Grafiktablett,2,77,77,NO,https://www.jacob.de/eingabegeraete-grafiktabletts/
PC & Zubehör,Eingabegeräte,Joysticks,2,18,18,NO,https://www.jacob.de/eingabegeraete-joysticks-gamecontroller/
PC & Zubehör,Eingabegeräte,Tastaturen,2,3665,301,NO,https://www.jacob.de/tastaturen/
PC & Zubehör,Eingabegeräte,Gaming Tastaturen,3,301,301,NO,https://www.jacob.de/gaming-tastaturen/
PC & Zubehör,Festplatten & SSDs,Festplatten & SSDs,1,2821,2814,NO,https://www.jacob.de/festplatten-hdd-ssd/
PC & Zubehör,Festplatten & SSDs,Externe Festplatten,2,292,292,NO,https://www.jacob.de/externe-hdd-festplatten/
PC & Zubehör,Festplatten & SSDs,Externe SSD,2,278,278,NO,https://www.jacob.de/externe-portable-ssd-festplatten/
PC & Zubehör,Festplatten & SSDs,Festplatten,2,879,879,NO,https://www.jacob.de/interne-hdd-festplatten/
PC & Zubehör,Festplatten & SSDs,SSD,2,1365,1365,NO,https://www.jacob.de/interne-ssd-festplatten/
PC & Zubehör,Kabel & Adapter,Kabel & Adapter,1,16053,16053,YES,https://www.jacob.de/kabel-adapter/
PC & Zubehör,Kabel & Adapter,Displayport Kabel & Adapter,2,2258,2258,NO,https://www.jacob.de/displayport-kabel-adapter/
PC & Zubehör,Kabel & Adapter,DVI Kabel & Adapter,2,475,475,NO,https://www.jacob.de/dvi-kabel-adapter/
PC & Zubehör,Kabel & Adapter,FireWire Kabel & Adapter,2,48,48,NO,https://www.jacob.de/firewire-kabel-adapter/
PC & Zubehör,Kabel & Adapter,HDMI Kabel & Adapter,2,3471,3471,NO,https://www.jacob.de/hdmi-kabel-adapter/
PC & Zubehör,Kabel & Adapter,KVM Umschalter / Switch,2,812,812,NO,https://www.jacob.de/kvm-umschalter-switches/
PC & Zubehör,Kabel & Adapter,S-ATA Kabel & Adapter,2,613,613,NO,https://www.jacob.de/sata-kabel-adapter/
PC & Zubehör,Kabel & Adapter,Thunderbolt Kabel & Adapter,2,102,102,NO,https://www.jacob.de/thunderbolt-kabel-adapter/
PC & Zubehör,Kabel & Adapter,USB Hubs,2,860,860,NO,https://www.jacob.de/usb-hubs/
PC & Zubehör,Kabel & Adapter,USB Kabel & Adapter,2,7031,7031,NO,https://www.jacob.de/usb-kabel-adapter/
PC & Zubehör,Kabel & Adapter,VGA Kabel & Adapter,2,383,383,NO,https://www.jacob.de/vga-kabel-adapter/
PC & Zubehör,Komponenten,Komponenten,1,370839,22005,YES,https://www.jacob.de/pc-komponenten/
PC & Zubehör,Komponenten,Anschlusserweiterung,2,434,434,NO,https://www.jacob.de/pc-anschlusserweiterung/
PC & Zubehör,Komponenten,Arbeitsspeicher,2,355797,8891,YES,https://www.jacob.de/arbeitsspeicher-ram/
PC & Zubehör,Komponenten,DDR5-RAM Speichermodule,3,218,218,NO,https://www.jacob.de/ddr5-ram-speichermodule/
PC & Zubehör,Komponenten,DDR4-RAM Speichermodule,3,3367,3367,NO,https://www.jacob.de/ddr4-ram-speichermodule/
PC & Zubehör,Komponenten,DDR3-RAM Speichermodule,3,4992,4992,NO,https://www.jacob.de/ddr3-ram-speichermodule/
PC & Zubehör,Komponenten,DDR2-RAM Speichermodule,3,314,314,NO,https://www.jacob.de/ddr2-ram-speichermodule/
PC & Zubehör,Komponenten,Gehäuse,2,2080,2080,NO,https://www.jacob.de/gehaeuse/
PC & Zubehör,Komponenten,GPU-Rechenprozessoren,2,2,2,NO,https://www.jacob.de/gpu-rechenprozessoren/
PC & Zubehör,Komponenten,Grafikkarten,2,528,56,NO,https://www.jacob.de/grafikkarten/
PC & Zubehör,Komponenten,AMD Grafikkarten,3,64,6,NO,https://www.jacob.de/amd-grafikkarten/
PC & Zubehör,Komponenten,Radeon RX,4,,,NO,https://www.jacob.de/radeon-rx-9000/
PC & Zubehör,Komponenten,Radeon RX,4,,,NO,https://www.jacob.de/radeon-rx-7000/
PC & Zubehör,Komponenten,Radeon Pro W,4,6,6,NO,https://www.jacob.de/radeon-pro-w/
PC & Zubehör,Komponenten,Intel Grafikkarten,3,12,12,NO,https://www.jacob.de/intel-grafikkarten/
PC & Zubehör,Komponenten,NVIDIA Grafikkarten,3,182,38,NO,https://www.jacob.de/nvidia-grafikkarten/
PC & Zubehör,Komponenten,NVIDIA RTX A,4,11,11,NO,https://www.jacob.de/nvidia-rtx-a/
PC & Zubehör,Komponenten,GeForce RTX,4,,,NO,https://www.jacob.de/geforce-rtx-5000/
PC & Zubehör,Komponenten,GeForce RTX,4,,,NO,https://www.jacob.de/geforce-rtx-3000/
PC & Zubehör,Komponenten,GeForce GTX,4,4,4,NO,https://www.jacob.de/geforce-gtx/
PC & Zubehör,Komponenten,GeForce GT,4,12,12,NO,https://www.jacob.de/geforce-gt/
PC & Zubehör,Komponenten,NVIDIA Quadro,4,11,11,NO,https://www.jacob.de/nvidia-quadro/
PC & Zubehör,Komponenten,Kühlung,2,2479,2479,NO,https://www.jacob.de/pc-kuehlung/
PC & Zubehör,Komponenten,CPU Kühler,3,481,481,NO,https://www.jacob.de/prozessor-cpu-kuehler/
PC & Zubehör,Komponenten,Gehäuselüfter,3,850,850,NO,https://www.jacob.de/pc-gehaeuse-luefter/
PC & Zubehör,Komponenten,Wasserkühlung,3,1103,1103,NO,https://www.jacob.de/pc-wasserkuehlung/
PC & Zubehör,Komponenten,Wärmeleitpaste,3,45,45,NO,https://www.jacob.de/pc-kuehlung-waermeleitpaste/
PC & Zubehör,Komponenten,Mainboards,2,797,87,NO,https://www.jacob.de/mainboards-motherboards/
PC & Zubehör,Komponenten,ATX Mainboards,3,30,30,NO,https://www.jacob.de/atx-mainboards/
PC & Zubehör,Komponenten,E-ATX Mainboards,3,12,12,NO,https://www.jacob.de/e-atx-mainboards/
PC & Zubehör,Komponenten,Micro-ATX Mainboards,3,21,21,NO,https://www.jacob.de/micro-atx-mainboards/
PC & Zubehör,Komponenten,Mini-ITX Mainboards,3,16,16,NO,https://www.jacob.de/mini-itx-mainboards/
PC & Zubehör,Komponenten,SSI CEB-Mainboards,3,6,6,NO,https://www.jacob.de/ssi-ceb-mainboards/
PC & Zubehör,Komponenten,SSI EEB-Mainboards,3,2,2,NO,https://www.jacob.de/ssi-eeb-mainboards/
PC & Zubehör,Komponenten,Netzteile,2,6397,6397,NO,https://www.jacob.de/pc-netzteile/
PC & Zubehör,Komponenten,Netzwerkadapter,2,854,854,NO,https://www.jacob.de/netzwerkadapter/
PC & Zubehör,Komponenten,Netzwerkkarten,2,96,96,NO,https://www.jacob.de/pc-netzwerkkarten/
PC & Zubehör,Komponenten,Prozessoren (CPU),2,1017,271,NO,https://www.jacob.de/prozessoren-cpu/
PC & Zubehör,Komponenten,AMD Prozessoren,3,185,185,NO,https://www.jacob.de/amd-prozessoren/
PC & Zubehör,Komponenten,AMD Athlon Prozessoren,4,1,1,NO,https://www.jacob.de/amd-athlon-prozessoren/
PC & Zubehör,Komponenten,AMD EPYC Prozessoren,4,88,88,NO,https://www.jacob.de/amd-epyc-prozessoren/
PC & Zubehör,Komponenten,AMD Ryzen Prozessoren,4,96,96,NO,https://www.jacob.de/amd-ryzen-prozessoren/
PC & Zubehör,Komponenten,AMD Ryzen 5 Prozessoren,5,29,29,NO,https://www.jacob.de/amd-ryzen-5-prozessoren/
PC & Zubehör,Komponenten,AMD Ryzen 7 Prozessoren,5,29,29,NO,https://www.jacob.de/amd-ryzen-7-prozessoren/
PC & Zubehör,Komponenten,AMD Ryzen 9 Prozessoren,5,16,16,NO,https://www.jacob.de/amd-ryzen-9-prozessoren/
PC & Zubehör,Komponenten,AMD Ryzen Threadripper,5,22,22,NO,https://www.jacob.de/amd-ryzen-threadripper/
PC & Zubehör,Komponenten,Intel Prozessoren,3,86,86,NO,https://www.jacob.de/intel-prozessoren/
PC & Zubehör,Komponenten,Intel Core i3 Prozessoren,4,16,16,NO,https://www.jacob.de/intel-core-3-prozessoren/
PC & Zubehör,Komponenten,Intel Core i5 Prozessoren,4,13,13,NO,https://www.jacob.de/intel-core-i5-prozessoren/
PC & Zubehör,Komponenten,Intel Core i7 Prozessoren,4,17,17,NO,https://www.jacob.de/intel-core-i7-prozessoren/
PC & Zubehör,Komponenten,Intel Core i9 Prozessoren,4,22,22,NO,https://www.jacob.de/intel-core-i9-prozessoren/
PC & Zubehör,Komponenten,Intel Xeon Prozessoren,4,18,18,NO,https://www.jacob.de/intel-xeon-prozessoren/
PC & Zubehör,Komponenten,RAM-Dummy,2,4,4,NO,https://www.jacob.de/ram-dummy/
PC & Zubehör,Komponenten,Soundkarten,2,57,57,NO,https://www.jacob.de/soundkarten/
PC & Zubehör,Komponenten,Speichercontroller,2,297,297,NO,https://www.jacob.de/pc-speichercontroller/
PC & Zubehör,Laufwerke & Medien,Laufwerke & Medien,1,1102,1103,NO,https://www.jacob.de/pc-laufwerke-medien/
PC & Zubehör,Laufwerke & Medien,Blu-ray Laufwerke,2,10,10,NO,https://www.jacob.de/blu-ray-laufwerke-brenner/
PC & Zubehör,Laufwerke & Medien,Card-Reader,2,365,365,NO,https://www.jacob.de/smart-card-reader-kartenlesegeraete/
PC & Zubehör,Laufwerke & Medien,CD Laufwerke,2,1,1,NO,https://www.jacob.de/cd-laufwerke-brenner/
PC & Zubehör,Laufwerke & Medien,DVD Laufwerke,2,122,122,NO,https://www.jacob.de/dvd-laufwerke-brenner/
PC & Zubehör,Laufwerke & Medien,Rohlinge,2,186,186,NO,https://www.jacob.de/rohlinge/
PC & Zubehör,Laufwerke & Medien,USB Sticks,2,419,419,NO,https://www.jacob.de/usb-sticks/
PC & Zubehör,Monitore,Monitore,1,2405,2796,NO,https://www.jacob.de/monitore/
PC & Zubehör,Monitore,24 Zoll Monitore,2,359,359,NO,https://www.jacob.de/24-zoll-monitore/
PC & Zubehör,Monitore,27 Zoll Monitore,2,646,646,NO,https://www.jacob.de/27-zoll-monitore/
PC & Zubehör,Monitore,32 Zoll Monitore,2,153,153,NO,https://www.jacob.de/32-zoll-monitore/
PC & Zubehör,Monitore,34 Zoll Monitore,2,85,85,NO,https://www.jacob.de/34-zoll-monitore/
PC & Zubehör,Monitore,Curved Monitore,2,150,150,NO,https://www.jacob.de/curved-monitore/
PC & Zubehör,Monitore,Gaming Monitore,2,294,294,NO,https://www.jacob.de/gaming-monitore/
PC & Zubehör,Monitore,Full HD Monitore,2,424,424,NO,https://www.jacob.de/fhd-monitore/
PC & Zubehör,Monitore,WQHD Monitore,2,208,208,NO,https://www.jacob.de/wqhd-monitore/
PC & Zubehör,Monitore,4K Monitore,2,207,207,NO,https://www.jacob.de/4k-monitore/
PC & Zubehör,Monitore,Touch Monitore,2,109,109,NO,https://www.jacob.de/touch-monitore/
PC & Zubehör,Monitore,Monitorhalterungen,2,161,161,NO,https://www.jacob.de/monitorhalterung/
PC & Zubehör,PC Systeme,PC Systeme,1,3417,3386,NO,https://www.jacob.de/pc-systeme/
PC & Zubehör,PC Systeme,All-In-One PCs,2,285,285,NO,https://www.jacob.de/all-in-one-pcs/
PC & Zubehör,PC Systeme,Barebones,2,251,251,NO,https://www.jacob.de/barebones/
PC & Zubehör,PC Systeme,Embedded,2,145,145,NO,https://www.jacob.de/pc-systeme-embedded/
PC & Zubehör,PC Systeme,Komplettsystem,2,2705,2705,NO,https://www.jacob.de/pc-komplettsysteme/
PC & Zubehör,PC Systeme,Windows 11 PC-Systeme,2,,,NO,https://www.jacob.de/windows-11-pc-systeme/
PC & Zubehör,Software,Software,1,462,422,NO,https://www.jacob.de/software/
PC & Zubehör,Software,Anwendungen,2,396,396,NO,https://www.jacob.de/software-anwendungen/
PC & Zubehör,Software,Betriebssysteme,2,24,24,NO,https://www.jacob.de/betriebssysteme-os/
PC & Zubehör,Software,Spiele,2,2,2,NO,https://www.jacob.de/software-spiele/
PC & Zubehör,Software,Microsoft Outlook Lizenzen,2,,,NO,https://www.jacob.de/microsoft-outlook/
PC & Zubehör,Webcams,Webcams,1,242,242,NO,https://www.jacob.de/pc-webcams/
PC & Zubehör,Digital Signage Displays,Digital Signage Displays,1,316,316,NO,https://www.jacob.de/digital-signage-display/
Smartphone & Foto,,Smartphone & Foto,0,9335,8151,NO,https://www.jacob.de/smartphone-foto/
Smartphone & Foto,Camcorder,Camcorder,1,39,39,NO,https://www.jacob.de/camcorder/
Smartphone & Foto,Digitalkamera,Digitalkamera,1,334,334,NO,https://www.jacob.de/digitalkameras/
Smartphone & Foto,Feature Phones,Feature Phones,1,27,27,NO,https://www.jacob.de/feature-phone/
Smartphone & Foto,Handyhüllen,Handyhüllen,1,680,680,NO,https://www.jacob.de/handyhuellen-cover/
Smartphone & Foto,Kamerataschen,Kamerataschen,1,90,90,NO,https://www.jacob.de/kamerataschen/
Smartphone & Foto,Kamerazubehör,Kamerazubehör,1,63,63,NO,https://www.jacob.de/kamera-zubehoer/
Smartphone & Foto,Objektive,Objektive,1,27,27,NO,https://www.jacob.de/foto-objectove/
Smartphone & Foto,Smartphone Zubehör,Smartphone Zubehör,1,4912,4912,NO,https://www.jacob.de/smartphone-zubehoer-gadgets/
Smartphone & Foto,Smartphones,Smartphones,1,994,279,NO,https://www.jacob.de/smartphones/
Smartphone & Foto,Smartphones,Apple Smartphones,2,45,45,NO,https://www.jacob.de/apple-smartphones/
Smartphone & Foto,Smartphones,Google Pixel Smartphones,2,49,33,NO,https://www.jacob.de/google-pixel-smartphones/
Smartphone & Foto,Smartphones,Google Pixel,3,,,NO,https://www.jacob.de/google-pixel-10/
Smartphone & Foto,Smartphones,Google Pixel 10 Pro,3,7,7,NO,https://www.jacob.de/google-pixel-10-pro/
Smartphone & Foto,Smartphones,Google Pixel 10 Pro XL,3,5,5,NO,https://www.jacob.de/google-pixel-10-pro-xl/
Smartphone & Foto,Smartphones,Google Pixel,3,,,NO,https://www.jacob.de/google-pixel-9/
Smartphone & Foto,Smartphones,Google Pixel 9 Pro,3,4,4,NO,https://www.jacob.de/google-pixel-9-pro/
Smartphone & Foto,Smartphones,Google Pixel 9 Pro XL,3,9,9,NO,https://www.jacob.de/google-pixel-9-pro-xl/
Smartphone & Foto,Smartphones,Google Pixel 9a,3,4,4,NO,https://www.jacob.de/google-pixel-9a/
Smartphone & Foto,Smartphones,Google Pixel 9 Pro Fold,3,3,3,NO,https://www.jacob.de/google-pixel-9-pro-fold/
Smartphone & Foto,Smartphones,Google Pixel,3,,,NO,https://www.jacob.de/google-pixel-8/
Smartphone & Foto,Smartphones,Google Pixel 8a,3,1,1,NO,https://www.jacob.de/google-pixel-8a/
Smartphone & Foto,Smartphones,Motorola Smartphones,2,55,55,NO,https://www.jacob.de/motorola-smartphones/
Smartphone & Foto,Smartphones,Nokia Smartphones,2,4,4,NO,https://www.jacob.de/nokia-smartphones/
Smartphone & Foto,Smartphones,Samsung Galaxy Smartphones,2,187,92,NO,https://www.jacob.de/samsung-galaxy-smartphones/
Smartphone & Foto,Smartphones,Samsung Galaxy S,3,,,NO,https://www.jacob.de/samsung-galaxy-s25/
Smartphone & Foto,Smartphones,Samsung Galaxy S25+,3,12,12,NO,https://www.jacob.de/samsung-galaxy-s25-plus/
Smartphone & Foto,Smartphones,Samsung Galaxy S25 Ultra,3,22,22,NO,https://www.jacob.de/samsung-galaxy-s25-ultra/
Smartphone & Foto,Smartphones,Samsung Galaxy S25 FE,3,15,15,NO,https://www.jacob.de/samsung-galaxy-s25-fe/
Smartphone & Foto,Smartphones,Samsung Galaxy S25 Edge,3,11,11,NO,https://www.jacob.de/samsung-galaxy-s25-edge/
Smartphone & Foto,Smartphones,Samsung Galaxy S,3,,,NO,https://www.jacob.de/samsung-galaxy-s24/
Smartphone & Foto,Smartphones,Samsung Galaxy S24+,3,2,2,NO,https://www.jacob.de/samsung-galaxy-s24-plus/
Smartphone & Foto,Smartphones,Samsung Galaxy S24 Ultra,3,1,1,NO,https://www.jacob.de/samsung-galaxy-s24-ultra/
Smartphone & Foto,Smartphones,Samsung Galaxy S24 FE,3,5,5,NO,https://www.jacob.de/samsung-galaxy-s24-fe/
Smartphone & Foto,Smartphones,Samsung Galaxy Z Flip,3,,,NO,https://www.jacob.de/samsung-galaxy-z-flip-7/
Smartphone & Foto,Smartphones,Samsung Galaxy Z Fold,3,,,NO,https://www.jacob.de/samsung-galaxy-z-fold-7/
Smartphone & Foto,Smartphones,Samsung Galaxy Z Flip 7 FE,3,5,5,NO,https://www.jacob.de/samsung-galaxy-z-flip-7-fe/
Smartphone & Foto,Smartphones,Samsung Galaxy Z Flip,3,,,NO,https://www.jacob.de/samsung-galaxy-z-flip-6/
Smartphone & Foto,Smartphones,Samsung Galaxy Z Fold,3,,,NO,https://www.jacob.de/samsung-galaxy-z-fold-6/
Smartphone & Foto,Smartphones,Samsung Galaxy A55 5G,3,3,3,NO,https://www.jacob.de/samsung-galaxy-a55-5g/
Smartphone & Foto,Smartphones,Samsung Galaxy A36 5G,3,16,16,NO,https://www.jacob.de/samsung-galaxy-a36-5g/
Smartphone & Foto,Smartphones,Xiaomi Smartphones,2,76,40,NO,https://www.jacob.de/xiaomi-smartphones/
Smartphone & Foto,Smartphones,Xiaomi 15 Serie,3,16,16,NO,https://www.jacob.de/xiaomi-15-serie/
Smartphone & Foto,Smartphones,Xiaomi Redmi Serie,3,42,13,NO,https://www.jacob.de/xiaomi-redmi-serie/
Smartphone & Foto,Smartphones,Xiaomi Redmi Note,4,13,13,NO,https://www.jacob.de/xiaomi-redmi-note-serie/
Smartphone & Foto,Smartphones,Xiaomi POCO Serie,3,11,11,NO,https://www.jacob.de/xiaomi-poco-serie/
Smartphone & Foto,Smartphones,Samsung Sale,2,10,10,NO,https://www.jacob.de/samsung-sale/
Smartphone & Foto,Smartphones,Smartphones und Wearables,3,5,5,NO,https://www.jacob.de/smartphones-and-wearables/
Smartphone & Foto,Smartphones,Tablets und Zubehör,3,5,5,NO,https://www.jacob.de/tablets-and-accessories/
Smartphone & Foto,Speicherkarten,Speicherkarten,1,1305,1305,NO,https://www.jacob.de/speicherkarten/
Smartphone & Foto,Spiegelreflexkamera,Spiegelreflexkamera,1,9,9,NO,https://www.jacob.de/spiegelreflexkameras-dslr/
Smartphone & Foto,Wearables,Wearables,1,849,338,NO,https://www.jacob.de/wearables/
Smartphone & Foto,Wearables,Fitness-Armband,2,80,80,NO,https://www.jacob.de/fitness-armbaender-tracker/
Smartphone & Foto,Wearables,Smartwatches,2,764,253,NO,https://www.jacob.de/smartwatches/
Smartphone & Foto,Wearables,Apple Watches,3,150,150,NO,https://www.jacob.de/apple-watches/
Smartphone & Foto,Wearables,Samsung Galaxy Watches,3,24,24,NO,https://www.jacob.de/samsung-galaxy-watches/
Smartphone & Foto,Wearables,Huawei Watches,3,47,47,NO,https://www.jacob.de/huawei-watches/
Smartphone & Foto,Wearables,Garmin Watches,3,25,25,NO,https://www.jacob.de/garmin-watches/
Smartphone & Foto,Wearables,amazfit Watches,3,2,2,NO,https://www.jacob.de/amazfit-watches/
Smartphone & Foto,Wearables,Smartwatches für Kinder,3,5,5,NO,https://www.jacob.de/smartwatch-fuer-kinder/
Smartphone & Foto,Wearables,Virtual Reality,2,5,5,NO,https://www.jacob.de/virtual-reality-vr/
Smartphone & Foto,Panzerglas,Panzerglas,1,48,48,NO,https://www.jacob.de/panzerglas/
TV & Audio,,TV & Audio,0,5216,2945,NO,https://www.jacob.de/tv-audio/
TV & Audio,AV-Umschalter,AV-Umschalter,1,4,4,NO,https://www.jacob.de/av-umschalter/
TV & Audio,Beamer,Beamer,1,332,332,NO,https://www.jacob.de/beamer/
TV & Audio,Beamer Lampen,Beamer Lampen,1,149,149,NO,https://www.jacob.de/beamer-lampen/
TV & Audio,Beamer Montage,Beamer Montage,1,265,265,NO,https://www.jacob.de/beamer-montage-halter/
TV & Audio,Blu-ray Player,Blu-ray Player,1,15,15,NO,https://www.jacob.de/blu-ray-player/
TV & Audio,Digitale Dokumentenkameras,Digitale Dokumentenkameras,1,18,18,NO,https://www.jacob.de/digitale-dokumentenkameras/
TV & Audio,DVD Player,DVD Player,1,17,17,NO,https://www.jacob.de/dvd-player/
TV & Audio,Fernbedienung,Fernbedienung,1,228,228,NO,https://www.jacob.de/fernbedienung/
TV & Audio,Fernseher,Fernseher,1,369,369,NO,https://www.jacob.de/fernseher-tv/
TV & Audio,Gaming,Gaming,1,518,566,NO,https://www.jacob.de/gaming/
TV & Audio,Gaming,Gamepad,2,302,302,NO,https://www.jacob.de/gamepads-controller/
TV & Audio,Gaming,Konsolenspiele,2,43,43,NO,https://www.jacob.de/konsolenspiele/
TV & Audio,Gaming,Spielekonsolen,2,171,171,NO,https://www.jacob.de/spielekonsolen/
TV & Audio,Gaming,Nintendo Switch,2,30,30,NO,https://www.jacob.de/nintendo-switch/
TV & Audio,Gaming,Sony PlayStation,2,9,9,NO,https://www.jacob.de/sony-playstation/
TV & Audio,Gaming,Microsoft Xbox,2,11,11,NO,https://www.jacob.de/microsoft-xbox/
TV & Audio,Kopfhörer & Headsets,Kopfhörer & Headsets,1,2510,187,NO,https://www.jacob.de/kopfhoerer-headsets/
TV & Audio,Kopfhörer & Headsets,Gaming Headsets,2,66,66,NO,https://www.jacob.de/gaming-headsets/
TV & Audio,Kopfhörer & Headsets,Over-Ear-Kopfhörer,2,16,16,NO,https://www.jacob.de/over-ear-kopfhoerer/
TV & Audio,Kopfhörer & Headsets,On-Ear-Kopfhörer,2,40,40,NO,https://www.jacob.de/on-ear-kopfhoerer/
TV & Audio,Kopfhörer & Headsets,In-Ear-Kopfhörer / Earbuds,2,63,63,NO,https://www.jacob.de/in-ear-kopfhoerer-earbuds/
TV & Audio,Kopfhörer & Headsets,Open-Ear-Kopfhörer,2,2,2,NO,https://www.jacob.de/open-ear-kopfhoerer/
TV & Audio,Lautsprecher,Lautsprecher,1,662,662,NO,https://www.jacob.de/lautsprecher-speaker/
TV & Audio,Leinwände,Leinwände,1,62,62,NO,https://www.jacob.de/leinwaende/
TV & Audio,Multimedia Receiver,Multimedia Receiver,1,41,41,NO,https://www.jacob.de/multimedia-receiver/
TV & Audio,Radios,Radios,1,26,26,NO,https://www.jacob.de/audio-radio/
TV & Audio,SAT Receiver,SAT Receiver,1,4,4,NO,https://www.jacob.de/sat-receiver/
